<?xml version="1.0" encoding="UTF-8"?><?xml-stylesheet type='text/xsl' href='_UpgradeReport_Files/UpgradeReport.xslt'?><UpgradeLog>
<Properties><Property Name="Solution" Value="WFF GenericHID Demo Application">
</Property><Property Name="Solution File" Value="C:\Users\Simon Inns\Documents\Visual Studio 2010\Projects\Generic HID 4_0\WFF GenericHID Demo Application\WFF GenericHID Demo Application.sln">
</Property><Property Name="Date" Value="28 October 2011">
</Property><Property Name="Time" Value="15:22:07">
</Property></Properties><Event ErrorLevel="1" Project="Instruments" Source="Instruments\Instruments.csproj" Description="Your project is targeting .NET Framework 2.0 or 3.0. If your project uses assemblies requiring a newer .NET Framework, your project will fail to build. You can change the .NET Framework version by clicking Properties on the project menu and then selecting a new version in the '.NET Framework' dropdown box. (In Visual Basic, this is located on the Compile tab by clicking the 'Advanced Compiler Options...' button.)">
</Event><Event ErrorLevel="0" Project="Instruments" Source="Instruments\Instruments.csproj" Description="Project converted successfully">
</Event><Event ErrorLevel="3" Project="Instruments" Source="Instruments\Instruments.csproj" Description="Converted">
</Event><Event ErrorLevel="0" Project="Instruments" Source="Instruments\Instruments.csproj" Description="Scan complete: Upgrade not required for project files.">
</Event></UpgradeLog>