<?xml version="1.0" encoding="UTF-8"?>
<configurationDescriptor version="62">
  <logicalFolder name="root" displayName="root" projectFiles="true">
    <logicalFolder name="HeaderFiles"
                   displayName="Header Files"
                   projectFiles="true">
      <logicalFolder name="TCPIP Stack" displayName="TCPIP Stack" projectFiles="true">
        <itemPath>../../Microchip/Include/TCPIP Stack/XEEPROM.h</itemPath>
        <itemPath>../../Microchip/Include/TCPIP Stack/Announce.h</itemPath>
        <itemPath>../../Microchip/Include/TCPIP Stack/ARP.h</itemPath>
        <itemPath>../../Microchip/Include/TCPIP Stack/Delay.h</itemPath>
        <itemPath>../../Microchip/Include/TCPIP Stack/DHCP.h</itemPath>
        <itemPath>../../Microchip/Include/TCPIP Stack/DNS.h</itemPath>
        <itemPath>../../Microchip/Include/TCPIP Stack/DynDNS.h</itemPath>
        <itemPath>../../Microchip/Include/TCPIP Stack/ENC28J60.h</itemPath>
        <itemPath>../../Microchip/Include/TCPIP Stack/ETH97J60.h</itemPath>
        <itemPath>../../Microchip/Include/TCPIP Stack/Hashes.h</itemPath>
        <itemPath>../../Microchip/Include/TCPIP Stack/Helpers.h</itemPath>
        <itemPath>../../Microchip/Include/TCPIP Stack/HTTP2.h</itemPath>
        <itemPath>../../Microchip/Include/TCPIP Stack/ICMP.h</itemPath>
        <itemPath>../../Microchip/Include/TCPIP Stack/IP.h</itemPath>
        <itemPath>../../Microchip/Include/TCPIP Stack/MAC.h</itemPath>
        <itemPath>../../Microchip/Include/TCPIP Stack/MPFS2.h</itemPath>
        <itemPath>../../Microchip/Include/TCPIP Stack/NBNS.h</itemPath>
        <itemPath>../../Microchip/Include/TCPIP Stack/Reboot.h</itemPath>
        <itemPath>../../Microchip/Include/TCPIP Stack/SMTP.h</itemPath>
        <itemPath>../../Microchip/Include/TCPIP Stack/SNTP.h</itemPath>
        <itemPath>../../Microchip/Include/TCPIP Stack/SPIFlash.h</itemPath>
        <itemPath>../../Microchip/Include/TCPIP Stack/SPIRAM.h</itemPath>
        <itemPath>../../Microchip/Include/TCPIP Stack/StackTsk.h</itemPath>
        <itemPath>../../Microchip/Include/TCPIP Stack/TCP.h</itemPath>
        <itemPath>../../Microchip/Include/TCPIP Stack/TCPIP.h</itemPath>
        <itemPath>../../Microchip/Include/TCPIP Stack/Telnet.h</itemPath>
        <itemPath>../../Microchip/Include/TCPIP Stack/TFTPc.h</itemPath>
        <itemPath>../../Microchip/Include/TCPIP Stack/Tick.h</itemPath>
        <itemPath>../../Microchip/Include/TCPIP Stack/UART2TCPBridge.h</itemPath>
        <itemPath>../../Microchip/Include/TCPIP Stack/UART.h</itemPath>
        <itemPath>../../Microchip/Include/TCPIP Stack/UDP.h</itemPath>
        <itemPath>../../Microchip/Include/TCPIP Stack/BerkeleyAPI.h</itemPath>
        <itemPath>../../Microchip/Include/TCPIP Stack/ENCX24J600.h</itemPath>
        <itemPath>../../Microchip/Include/TCPIP Stack/FTP.h</itemPath>
        <itemPath>../../Microchip/Include/TCPIP Stack/HTTP.h</itemPath>
        <itemPath>../../Microchip/Include/TCPIP Stack/Random.h</itemPath>
        <itemPath>../../Microchip/Include/TCPIP Stack/regdef.h</itemPath>
        <itemPath>../../Microchip/Include/TCPIP Stack/RSA.h</itemPath>
        <itemPath>../../Microchip/Include/TCPIP Stack/SSL.h</itemPath>
        <itemPath>../../Microchip/Include/TCPIP Stack/SNMP.h</itemPath>
        <itemPath>../../Microchip/Include/TCPIP Stack/SNMPv3.h</itemPath>
      </logicalFolder>
      <itemPath>../HardwareProfile.h</itemPath>
      <itemPath>../TCPIPConfig.h</itemPath>
      <itemPath>../MainDemo.h</itemPath>
      <itemPath>../../Microchip/Include/GenericTypeDefs.h</itemPath>
      <itemPath>../../Microchip/Include/Compiler.h</itemPath>
      <itemPath>../HTTPPrint.h</itemPath>
      <itemPath>../LCDBlocking.h</itemPath>
      <itemPath>../../Microchip/Include/mib.h</itemPath>
      <itemPath>../ClientSocket.h</itemPath>
      <itemPath>../ServerSocket.h</itemPath>
    </logicalFolder>
    <logicalFolder name="LinkerScript"
                   displayName="Linker Files"
                   projectFiles="true">
    </logicalFolder>
    <logicalFolder name="SourceFiles"
                   displayName="Source Files"
                   projectFiles="true">
      <logicalFolder name="TCPIP Stack" displayName="TCPIP Stack" projectFiles="true">
        <itemPath>../../Microchip/TCPIP Stack/TFTPc.c</itemPath>
        <itemPath>../../Microchip/TCPIP Stack/Announce.c</itemPath>
        <itemPath>../../Microchip/TCPIP Stack/ARP.c</itemPath>
        <itemPath>../../Microchip/TCPIP Stack/Delay.c</itemPath>
        <itemPath>../../Microchip/TCPIP Stack/DHCP.c</itemPath>
        <itemPath>../../Microchip/TCPIP Stack/DHCPs.c</itemPath>
        <itemPath>../../Microchip/TCPIP Stack/DNS.c</itemPath>
        <itemPath>../../Microchip/TCPIP Stack/DynDNS.c</itemPath>
        <itemPath>../../Microchip/TCPIP Stack/ENC28J60.c</itemPath>
        <itemPath>../../Microchip/TCPIP Stack/ETH97J60.c</itemPath>
        <itemPath>../../Microchip/TCPIP Stack/Hashes.c</itemPath>
        <itemPath>../../Microchip/TCPIP Stack/Helpers.c</itemPath>
        <itemPath>../../Microchip/TCPIP Stack/HTTP2.c</itemPath>
        <itemPath>../../Microchip/TCPIP Stack/ICMP.c</itemPath>
        <itemPath>../../Microchip/TCPIP Stack/IP.c</itemPath>
        <itemPath>../../Microchip/TCPIP Stack/MPFS2.c</itemPath>
        <itemPath>../../Microchip/TCPIP Stack/NBNS.c</itemPath>
        <itemPath>../../Microchip/TCPIP Stack/Reboot.c</itemPath>
        <itemPath>../../Microchip/TCPIP Stack/SMTP.c</itemPath>
        <itemPath>../../Microchip/TCPIP Stack/SNTP.c</itemPath>
        <itemPath>../../Microchip/TCPIP Stack/SPIEEPROM.c</itemPath>
        <itemPath>../../Microchip/TCPIP Stack/SPIFlash.c</itemPath>
        <itemPath>../../Microchip/TCPIP Stack/SPIRAM.c</itemPath>
        <itemPath>../../Microchip/TCPIP Stack/StackTsk.c</itemPath>
        <itemPath>../../Microchip/TCPIP Stack/TCP.c</itemPath>
        <itemPath>../../Microchip/TCPIP Stack/Telnet.c</itemPath>
        <itemPath>../../Microchip/TCPIP Stack/Tick.c</itemPath>
        <itemPath>../../Microchip/TCPIP Stack/UART2TCPBridge.c</itemPath>
        <itemPath>../../Microchip/TCPIP Stack/UART.c</itemPath>
        <itemPath>../../Microchip/TCPIP Stack/UDP.c</itemPath>
        <itemPath>../../Microchip/TCPIP Stack/BerkeleyAPI.c</itemPath>
        <itemPath>../../Microchip/TCPIP Stack/ENCX24J600.c</itemPath>
        <itemPath>../../Microchip/TCPIP Stack/FTP.c</itemPath>
        <itemPath>../../Microchip/TCPIP Stack/HTTP.c</itemPath>
        <itemPath>../../Microchip/TCPIP Stack/Random.c</itemPath>
        <itemPath>../../Microchip/TCPIP Stack/RSA.c</itemPath>
        <itemPath>../../Microchip/TCPIP Stack/SSL.c</itemPath>
        <itemPath>../../Microchip/TCPIP Stack/SNMP.c</itemPath>
      </logicalFolder>
      <itemPath>../MainDemo.c</itemPath>
      <itemPath>../CustomHTTPApp.c</itemPath>
      <itemPath>../LCDBlocking.c</itemPath>
      <itemPath>../ClientSocket.c</itemPath>
      <itemPath>../ServerSocket.c</itemPath>
      <itemPath>../MPFSImg2.c</itemPath>
    </logicalFolder>
    <logicalFolder name="ExternalFiles"
                   displayName="Important Files"
                   projectFiles="false">
      <itemPath>Makefile</itemPath>
    </logicalFolder>
  </logicalFolder>
  <sourceRootList>
    <Elem>../../Microchip/TCPIP Stack</Elem>
    <Elem>../../Microchip/Include/TCPIP Stack</Elem>
    <Elem>..</Elem>
  </sourceRootList>
  <projectmakefile>Makefile</projectmakefile>
  <confs>
    <conf name="Default" type="2">
      <toolsSet>
        <developmentServer>localhost</developmentServer>
        <targetDevice>PIC18F452</targetDevice>
        <targetHeader></targetHeader>
        <targetPluginBoard></targetPluginBoard>
        <platformTool>Simulator</platformTool>
        <languageToolchain>C18</languageToolchain>
        <languageToolchainVersion>3.40</languageToolchainVersion>
        <platform>3</platform>
      </toolsSet>
      <compileType>
        <linkerTool>
          <linkerLibItems>
          </linkerLibItems>
        </linkerTool>
        <archiverTool>
        </archiverTool>
        <loading>
          <useAlternateLoadableFile>false</useAlternateLoadableFile>
          <parseOnProdLoad>true</parseOnProdLoad>
          <alternateLoadableFile></alternateLoadableFile>
        </loading>
      </compileType>
      <makeCustomizationType>
        <makeCustomizationPreStepEnabled>false</makeCustomizationPreStepEnabled>
        <makeCustomizationPreStep></makeCustomizationPreStep>
        <makeCustomizationPostStepEnabled>false</makeCustomizationPostStepEnabled>
        <makeCustomizationPostStep></makeCustomizationPostStep>
        <makeCustomizationPutChecksumInUserID>false</makeCustomizationPutChecksumInUserID>
        <makeCustomizationEnableLongLines>false</makeCustomizationEnableLongLines>
        <makeCustomizationNormalizeHexFile>false</makeCustomizationNormalizeHexFile>
      </makeCustomizationType>
      <C18>
        <property key="code-model" value="ml"/>
        <property key="data-model" value="oa-"/>
        <property key="default-char-unsigned" value="true"/>
        <property key="enable-all-optimizations" value="true"/>
        <property key="enable-int-promotion" value="false"/>
        <property key="enable-multi-bank-stack-model" value="false"/>
        <property key="enable-ob" value="false"/>
        <property key="enable-od" value="false"/>
        <property key="enable-om" value="true"/>
        <property key="enable-on" value="true"/>
        <property key="enable-op" value="false"/>
        <property key="enable-opa" value="false"/>
        <property key="enable-or" value="false"/>
        <property key="enable-os" value="true"/>
        <property key="enable-ot" value="false"/>
        <property key="enable-ou" value="false"/>
        <property key="enable-ow" value="true"/>
        <property key="extra-include-directories"
                  value="..;..\Microchip\Include;..\..\Microchip\Include"/>
        <property key="optimization-master" value="Custom"/>
        <property key="preprocessor-macros" value=""/>
        <property key="procedural-abstraction-passes" value="0"/>
        <property key="storage-class" value="sco"/>
        <property key="verbose" value="false"/>
        <property key="warning-level" value="2"/>
      </C18>
      <C18-AS>
        <property key="cross.reference.file" value=""/>
        <property key="default.radix" value="HEX"/>
        <property key="enable.case.sensitivity" value="true"/>
        <property key="hex.output.format" value="INHX32"/>
        <property key="preprocessor.macros" value=""/>
        <property key="warning.level" value="0"/>
      </C18-AS>
      <C18-LD>
        <property key="cod-file" value="false"/>
        <property key="extra-lib-directories" value=""/>
        <property key="hex-output-format" value="INHX32"/>
        <property key="map-file" value=""/>
      </C18-LD>
      <C18LanguageToolchain>
        <property key="extended-mode" value="false"/>
        <property key="extended-mode-mcc18" value="false"/>
        <property key="extended-mode-mpasm" value="false"/>
        <property key="extended-mode-mplink" value="false"/>
        <property key="stack-analysis" value="false"/>
        <property key="stack-analysis-mcc18" value="false"/>
        <property key="stack-analysis-mplink" value="false"/>
      </C18LanguageToolchain>
      <Simulator>
        <property key="codecoverage.enabled" value="Disable"/>
        <property key="codecoverage.enableoutputtofile" value="false"/>
        <property key="codecoverage.outputfile" value=""/>
        <property key="oscillator.auxfrequency" value="120"/>
        <property key="oscillator.auxfrequencyunit" value="Mega"/>
        <property key="oscillator.frequency" value="1"/>
        <property key="oscillator.frequencyunit" value="Mega"/>
        <property key="oscillator.rcfrequency" value="250"/>
        <property key="oscillator.rcfrequencyunit" value="Kilo"/>
        <property key="performancedata.show" value="false"/>
        <property key="periphADC1.altscl" value="false"/>
        <property key="periphADC1.minTacq" value=""/>
        <property key="periphADC1.tacqunits" value="microseconds"/>
        <property key="periphADC2.altscl" value="false"/>
        <property key="periphADC2.minTacq" value=""/>
        <property key="periphADC2.tacqunits" value="microseconds"/>
        <property key="periphComp1.gte" value="gt"/>
        <property key="periphComp2.gte" value="gt"/>
        <property key="periphComp3.gte" value="gt"/>
        <property key="periphComp4.gte" value="gt"/>
        <property key="periphComp5.gte" value="gt"/>
        <property key="periphComp6.gte" value="gt"/>
        <property key="tracecontrol.include.timestamp" value="summarydataenabled"/>
        <property key="tracecontrol.select" value="0"/>
        <property key="tracecontrol.stallontracebufferfull" value="false"/>
        <property key="tracecontrol.timestamp" value="2"/>
        <property key="tracecontrol.tracebufmax" value="546000"/>
        <property key="tracecontrol.tracefile"
                  value="C:\Projetos\tcpip\projeto\tcpip.X\defmplabxtrace.log"/>
        <property key="tracecontrol.traceresetonrun" value="false"/>
        <property key="uart10io.output" value="window"/>
        <property key="uart10io.outputfile" value=""/>
        <property key="uart10io.uartioenabled" value="false"/>
        <property key="uart1io.output" value="window"/>
        <property key="uart1io.outputfile" value=""/>
        <property key="uart1io.uartioenabled" value="false"/>
        <property key="uart2io.output" value="window"/>
        <property key="uart2io.outputfile" value=""/>
        <property key="uart2io.uartioenabled" value="false"/>
        <property key="uart3io.output" value="window"/>
        <property key="uart3io.outputfile" value=""/>
        <property key="uart3io.uartioenabled" value="false"/>
        <property key="uart4io.output" value="window"/>
        <property key="uart4io.outputfile" value=""/>
        <property key="uart4io.uartioenabled" value="false"/>
        <property key="uart5io.output" value="window"/>
        <property key="uart5io.outputfile" value=""/>
        <property key="uart5io.uartioenabled" value="false"/>
        <property key="uart6io.output" value="window"/>
        <property key="uart6io.outputfile" value=""/>
        <property key="uart6io.uartioenabled" value="false"/>
        <property key="uart7io.output" value="window"/>
        <property key="uart7io.outputfile" value=""/>
        <property key="uart7io.uartioenabled" value="false"/>
        <property key="uart8io.output" value="window"/>
        <property key="uart8io.outputfile" value=""/>
        <property key="uart8io.uartioenabled" value="false"/>
        <property key="uart9io.output" value="window"/>
        <property key="uart9io.outputfile" value=""/>
        <property key="uart9io.uartioenabled" value="false"/>
        <property key="warningmessagebreakoptions.W0001_CORE_BITREV_MODULO_EN"
                  value="report"/>
        <property key="warningmessagebreakoptions.W0002_CORE_SECURE_MEMORYACCESS"
                  value="report"/>
        <property key="warningmessagebreakoptions.W0003_CORE_SW_RESET" value="report"/>
        <property key="warningmessagebreakoptions.W0004_CORE_WDT_RESET" value="report"/>
        <property key="warningmessagebreakoptions.W0005_CORE_IOPUW_RESET"
                  value="report"/>
        <property key="warningmessagebreakoptions.W0006_CORE_CODE_GUARD_PFC_RESET"
                  value="report"/>
        <property key="warningmessagebreakoptions.W0007_CORE_DO_LOOP_STACK_UNDERFLOW"
                  value="report"/>
        <property key="warningmessagebreakoptions.W0008_CORE_DO_LOOP_STACK_OVERFLOW"
                  value="report"/>
        <property key="warningmessagebreakoptions.W0009_CORE_NESTED_DO_LOOP_RANGE"
                  value="report"/>
        <property key="warningmessagebreakoptions.W0010_CORE_SIM32_ODD_WORDACCESS"
                  value="report"/>
        <property key="warningmessagebreakoptions.W0011_CORE_SIM32_UNIMPLEMENTED_RAMACCESS"
                  value="report"/>
        <property key="warningmessagebreakoptions.W0012_CORE_STACK_OVERFLOW_RESET"
                  value="report"/>
        <property key="warningmessagebreakoptions.W0013_CORE_STACK_UNDERFLOW_RESET"
                  value="report"/>
        <property key="warningmessagebreakoptions.W0101_SIM_UPDATE_FAILED"
                  value="report"/>
        <property key="warningmessagebreakoptions.W0102_SIM_PERIPH_MISSING"
                  value="report"/>
        <property key="warningmessagebreakoptions.W0103_SIM_PERIPH_FAILED"
                  value="report"/>
        <property key="warningmessagebreakoptions.W0104_SIM_FAILED_TO_INIT_TOOL"
                  value="report"/>
        <property key="warningmessagebreakoptions.W0105_SIM_INVALID_FIELD"
                  value="report"/>
        <property key="warningmessagebreakoptions.W0201_ADC_NO_STIMULUS_FILE"
                  value="report"/>
        <property key="warningmessagebreakoptions.W0202_ADC_GO_DONE_BIT" value="report"/>
        <property key="warningmessagebreakoptions.W0203_ADC_MINIMUM_2_TAD"
                  value="report"/>
        <property key="warningmessagebreakoptions.W0204_ADC_TAD_TOO_SMALL"
                  value="report"/>
        <property key="warningmessagebreakoptions.W0205_ADC_UNEXPECTED_TRANSITION"
                  value="report"/>
        <property key="warningmessagebreakoptions.W0206_ADC_SAMP_TIME_TOO_SHORT"
                  value="report"/>
        <property key="warningmessagebreakoptions.W0207_ADC_NO_PINS_SCANNED"
                  value="report"/>
        <property key="warningmessagebreakoptions.W0208_ADC_UNSUPPORTED_CLOCK_SOURCE"
                  value="report"/>
        <property key="warningmessagebreakoptions.W0209_ADC_ANALOG_CHANNEL_DIGITAL"
                  value="report"/>
        <property key="warningmessagebreakoptions.W0210_ADC_ANALOG_CHANNEL_OUTPUT"
                  value="report"/>
        <property key="warningmessagebreakoptions.W0211_ADC_PIN_INVALID_CHANNEL"
                  value="report"/>
        <property key="warningmessagebreakoptions.W0212_ADC_BAND_GAP_NOT_SUPPORTED"
                  value="report"/>
        <property key="warningmessagebreakoptions.W0213_ADC_RESERVED_SSRC"
                  value="report"/>
        <property key="warningmessagebreakoptions.W0214_ADC_POSITIVE_INPUT_DIGITAL"
                  value="report"/>
        <property key="warningmessagebreakoptions.W0215_ADC_POSITIVE_INPUT_OUTPUT"
                  value="report"/>
        <property key="warningmessagebreakoptions.W0216_ADC_NEGATIVE_INPUT_DIGITAL"
                  value="report"/>
        <property key="warningmessagebreakoptions.W0217_ADC_NEGATIVE_INPUT_OUTPUT"
                  value="report"/>
        <property key="warningmessagebreakoptions.W0218_ADC_REFERENCE_HIGH_DIGITAL"
                  value="report"/>
        <property key="warningmessagebreakoptions.W0219_ADC_REFERENCE_HIGH_OUTPUT"
                  value="report"/>
        <property key="warningmessagebreakoptions.W0220_ADC_REFERENCE_LOW_DIGITAL"
                  value="report"/>
        <property key="warningmessagebreakoptions.W0221_ADC_REFERENCE_LOW_OUTPUT"
                  value="report"/>
        <property key="warningmessagebreakoptions.W0222_ADC_OVERFLOW" value="report"/>
        <property key="warningmessagebreakoptions.W0223_ADC_UNDERFLOW" value="report"/>
        <property key="warningmessagebreakoptions.W0224_ADC_CTMU_NOT_SUPPORTED"
                  value="report"/>
        <property key="warningmessagebreakoptions.W0225_ADC_INVALID_CH0S"
                  value="report"/>
        <property key="warningmessagebreakoptions.W0226_ADC_VBAT_NOT_SUPPORTED"
                  value="report"/>
        <property key="warningmessagebreakoptions.W0227_ADC_INVALID_ADCS"
                  value="report"/>
        <property key="warningmessagebreakoptions.W1201_DATAFLASH_MEM_OUTSIDE_RANGE"
                  value="report"/>
        <property key="warningmessagebreakoptions.W1202_DATAFLASH_ERASE_WHILE_LOCKED"
                  value="report"/>
        <property key="warningmessagebreakoptions.W1203_DATAFLASH_WRITE_WHILE_LOCKED"
                  value="report"/>
        <property key="warningmessagebreakoptions.W1401_DMA_PERIPH_NOT_AVAIL"
                  value="report"/>
        <property key="warningmessagebreakoptions.W1402_DMA_INVALID_IRQ" value="report"/>
        <property key="warningmessagebreakoptions.W1403_DMA_INVALID_SFR" value="report"/>
        <property key="warningmessagebreakoptions.W1404_DMA_INVALID_DMA_ADDR"
                  value="report"/>
        <property key="warningmessagebreakoptions.W1405_DMA_IRQ_DIR_MISMATCH"
                  value="report"/>
        <property key="warningmessagebreakoptions.W2001_INPUTCAPTURE_TMR3_UNAVAILABLE"
                  value="report"/>
        <property key="warningmessagebreakoptions.W2002_INPUTCAPTURE_CAPTURE_EMPTY"
                  value="report"/>
        <property key="warningmessagebreakoptions.W9001_TMR_GATE_AND_EXTCLOCK_ENABLED"
                  value="report"/>
        <property key="warningmessagebreakoptions.W9002_TMR_NO_PIN_AVAILABLE"
                  value="report"/>
        <property key="warningmessagebreakoptions.W9003_TMR_INVALID_CLOCK_SOURCE"
                  value="report"/>
        <property key="warningmessagebreakoptions.W9201_UART_TX_OVERFLOW"
                  value="report"/>
        <property key="warningmessagebreakoptions.W9202_UART_TX_CAPTUREFILE"
                  value="report"/>
        <property key="warningmessagebreakoptions.W9203_UART_TX_INVALIDINTERRUPTMODE"
                  value="report"/>
        <property key="warningmessagebreakoptions.W9204_UART_RX_EMPTY_QUEUE"
                  value="report"/>
        <property key="warningmessagebreakoptions.W9205_UART_TX_BADFILE" value="report"/>
        <property key="warningmessagebreakoptions.W9801_SCL_BAD_SUBTYPE_INDICATION"
                  value="report"/>
        <property key="warningmessagebreakoptions.W9802_SCL_FILE_NOT_FOUND"
                  value="report"/>
        <property key="warningmessagebreakoptions.W9803_SCL_FAILED_TO_READ_FILE"
                  value="report"/>
        <property key="warningmessagebreakoptions.W9804_SCL_UNRECOGNIZED_LABEL"
                  value="report"/>
        <property key="warningmessagebreakoptions.W9805_SCL_UNRECOGNIZED_VAR"
                  value="report"/>
        <property key="warningmessagebreakoptions.displaywarningmessagesoption"
                  value=""/>
        <property key="warningmessagebreakoptions.warningmessages" value="holdstate"/>
      </Simulator>
    </conf>
  </confs>
</configurationDescriptor>
