<?xml version="1.0" encoding="utf-8" ?> 
<config>
	<resources>
		<logfile>d:\rtf\log.rtf</logfile>
		<icons>
			<listeningrun></listeningrun>
			<listeningstart></listeningstart>
			<listeningstop></listeningstop>
			<connected></connected>
			<received1></received1>
			<received2></received2>
			<received3></received3>
		</icons>
	</resources>
	<viewinfo>
		<localchar>localcha</localchar>
		<remotechar>remotcha</remotechar>
		
	</viewinfo>
	<preferences>
		<username>usernam</username>
		<lastlistenport>666</lastlistenport>
		<lastlistenaddr>10.0.0.1</lastlistenaddr>
		<lastconnectport>666</lastconnectport>
		<lastconnectaddr>10.0.0.1</lastconnectaddr>
	</preferences>
</config>