{
    "type":"SoC",
    "name":"CH579",
    "title": "WCH SoC CH579",
    "description":"WCH Cortex-M0 CH579 SoC",
    "version":"1.0.0",
    "Core": {
        "num": 1,
        "type":"Cortex-M0",
        "Freq": 40,
        "DMIPS": 100,
        "CoreMark": 160
    },
    "manufacturer": {
        "vendor":"WCH",
        "homepage": "http://www.wch.cn/products/CH579.html"
    },
    "repository": {
        "type": "git",
        "url": "https://github.com/SoCXin/CH579.git"
    },
    "series":["CH579","CH578","CH577"],
    "package":["QFN28","QFN48"],
    "peripheral": ["TIM","ADC","USB","UART","SPI","LDO","PWM"],
    "price":[4,8],
    "PWR": {
        "VDD": [2800,5000],
        "Ivdd": 3.5,
        "LDO": [5000,3300],
        "rate": 1024
    },
    "EMC": {
        "EFT": 2000,
        "ESD": 4000
    },
    "upload": {
        "ISP": true,
        "IAP": true,
        "SWD": true,
        "speed": 115200
    },
    "keywords": [
        "ARM",
        "Cortex-M0",
        "WCH",
        "CH579",
        "ETH","SDIO","BLE","I2C","RTC","SPI",
        "3.6V","1.8V"
    ]
}
