{
  "name": "ESP32_W5500_Manager",
  "version": "1.0.0",
  "keywords": "ethernet, WiFiManager, esp8266, esp32, esp32-s2, esp32-s3, esp32-c3, WebServer, Communication, Credentials, Config-Portal, DoubleReset, MultiReset, littlefs, spiffs, dns-server, iot, eeprom",
  "description": "ESP32 + LwIP W5500, including ESP32-S2, ESP32-S3 and ESP32-C3, Connection and Credentials Manager using AsyncWebServer, with enhanced GUI and fallback Web ConfigPortal. This Library is used for configuring ESP32 + LwIP W5500, including ESP32-S2, ESP32-S3 and ESP32-C3, Credentials Manager at runtime. You can also specify static DNS servers, personalized HostName, static or DHCP IP. With configurable CORS Header and auto-Timezone features. Using AsyncDNSServer instead of DNSServer now. Now using correct ESP32 chipIP",
  "authors":
  {
    "name":  "Khoi Hoang",
    "url":   "https://github.com/khoih-prog",
    "maintainer": true
  },
  "repository":
  {
    "type": "git",
    "url": "https://github.com/khoih-prog/ESP32_W5500_Manager"
  },
  "homepage": "https://github.com/khoih-prog/ESP32_W5500_Manager",
  "export": {
    "exclude": [
      "linux",
      "extras",
      "tests"
    ]
  },
  "dependencies": [
    {
      "owner": "khoih-prog",
      "name": "WebServer_ESP32_W5500",
      "version": ">=1.5.1",
      "platforms": ["espressif32"]
    },
    {
      "owner": "khoih-prog",
      "name": "ESP_DoubleResetDetector",
      "version": ">=1.3.2",
      "platforms": ["espressif32"]
    }
  ],
  "license": "MIT",
  "frameworks": "*",
  "platforms": ["espressif32"],
  "examples": "examples/*/*/*.ino",
  "headers": ["ESP32_W5500_Manager.h", "ESP32_W5500_Manager.hpp"]
}
