<?xml version="1.0" encoding="UTF-8"?>
<project-private xmlns="http://www.netbeans.org/ns/project-private/1">
    <editor-bookmarks xmlns="http://www.netbeans.org/ns/editor-bookmarks/1"/>
    <editor-bookmarks xmlns="http://www.netbeans.org/ns/editor-bookmarks/2" lastBookmarkId="0"/>
    <open-files xmlns="http://www.netbeans.org/ns/projectui-open-files/2">
        <group>
            <file>file:/C:/Projetos/LINGUAGENS/PIC/tcpip_aula/projeto/HardwareProfile.h</file>
            <file>file:/C:/Projetos/LINGUAGENS/PIC/tcpip_aula/projeto/MainDemo.c</file>
            <file>file:/C:/Projetos/LINGUAGENS/PIC/tcpip_aula/projeto/ServerSocket.c</file>
            <file>file:/C:/Projetos/LINGUAGENS/PIC/tcpip_aula/projeto/TCPIPConfig.h</file>
            <file>file:/C:/Projetos/LINGUAGENS/PIC/tcpip_aula/Microchip/Include/TCPIP%20Stack/TCP.h</file>
        </group>
    </open-files>
</project-private>
