{
    "type":"MCU",
    "name":"CH552",
    "title": "WCH CH552 MCU",
    "description":"WCH low cost USB MCU",
    "Core": {
        "CoreNum": 1,
        "Core":"MCS-51",
        "Fmax":24,
        "DMIPS": 24,
        "CoreMark": 24
    },
    "manufacturer": {
        "vendor":"WCH",
        "homepage":"http://www.wch.cn"
    },
    "repository": {
        "type": "git",
        "url": "https://github.com/SoCXin/CH552.git"
    },
    "version":"1.0.0",
    "series":["CH552P","CH552T","CH552E","CH552G","CH551G"],
    "package":["QFN16","MSOP10","TSSOP20","SOP16"],
    "peripheral": ["USB","ADC","UART","SPI","IIC"],
    "temp": [-40,125],
    "volt": [2.5,5.5],
    "ESD": {
        "HBM": 4000,
        "CDM": 500
    },
    "keywords": [
        "MCS-51",
        "WCH",
        "ADC","I2C","USB","SPI","UART"
    ]
}
