<?xml version="1.0" encoding="UTF-8"?>
<configurationDescriptor version="62">
  <logicalFolder name="root" displayName="root" projectFiles="true">
    <logicalFolder name="HeaderFiles"
                   displayName="Header Files"
                   projectFiles="true">
      <logicalFolder name="TCPIP Stack" displayName="TCPIP Stack" projectFiles="true">
        <itemPath>../../Microchip/Include/TCPIP Stack/XEEPROM.h</itemPath>
        <itemPath>../../Microchip/Include/TCPIP Stack/Announce.h</itemPath>
        <itemPath>../../Microchip/Include/TCPIP Stack/ARP.h</itemPath>
        <itemPath>../../Microchip/Include/TCPIP Stack/Delay.h</itemPath>
        <itemPath>../../Microchip/Include/TCPIP Stack/DHCP.h</itemPath>
        <itemPath>../../Microchip/Include/TCPIP Stack/DNS.h</itemPath>
        <itemPath>../../Microchip/Include/TCPIP Stack/DynDNS.h</itemPath>
        <itemPath>../../Microchip/Include/TCPIP Stack/ENC28J60.h</itemPath>
        <itemPath>../../Microchip/Include/TCPIP Stack/ETH97J60.h</itemPath>
        <itemPath>../../Microchip/Include/TCPIP Stack/Hashes.h</itemPath>
        <itemPath>../../Microchip/Include/TCPIP Stack/Helpers.h</itemPath>
        <itemPath>../../Microchip/Include/TCPIP Stack/HTTP2.h</itemPath>
        <itemPath>../../Microchip/Include/TCPIP Stack/ICMP.h</itemPath>
        <itemPath>../../Microchip/Include/TCPIP Stack/IP.h</itemPath>
        <itemPath>../../Microchip/Include/TCPIP Stack/MAC.h</itemPath>
        <itemPath>../../Microchip/Include/TCPIP Stack/MPFS2.h</itemPath>
        <itemPath>../../Microchip/Include/TCPIP Stack/NBNS.h</itemPath>
        <itemPath>../../Microchip/Include/TCPIP Stack/Reboot.h</itemPath>
        <itemPath>../../Microchip/Include/TCPIP Stack/SMTP.h</itemPath>
        <itemPath>../../Microchip/Include/TCPIP Stack/SNTP.h</itemPath>
        <itemPath>../../Microchip/Include/TCPIP Stack/SPIFlash.h</itemPath>
        <itemPath>../../Microchip/Include/TCPIP Stack/SPIRAM.h</itemPath>
        <itemPath>../../Microchip/Include/TCPIP Stack/StackTsk.h</itemPath>
        <itemPath>../../Microchip/Include/TCPIP Stack/TCP.h</itemPath>
        <itemPath>../../Microchip/Include/TCPIP Stack/TCPIP.h</itemPath>
        <itemPath>../../Microchip/Include/TCPIP Stack/Telnet.h</itemPath>
        <itemPath>../../Microchip/Include/TCPIP Stack/TFTPc.h</itemPath>
        <itemPath>../../Microchip/Include/TCPIP Stack/Tick.h</itemPath>
        <itemPath>../../Microchip/Include/TCPIP Stack/UART2TCPBridge.h</itemPath>
        <itemPath>../../Microchip/Include/TCPIP Stack/UART.h</itemPath>
        <itemPath>../../Microchip/Include/TCPIP Stack/UDP.h</itemPath>
        <itemPath>../../Microchip/Include/TCPIP Stack/BerkeleyAPI.h</itemPath>
        <itemPath>../../Microchip/Include/TCPIP Stack/ENCX24J600.h</itemPath>
        <itemPath>../../Microchip/Include/TCPIP Stack/FTP.h</itemPath>
        <itemPath>../../Microchip/Include/TCPIP Stack/HTTP.h</itemPath>
        <itemPath>../../Microchip/Include/TCPIP Stack/Random.h</itemPath>
        <itemPath>../../Microchip/Include/TCPIP Stack/regdef.h</itemPath>
        <itemPath>../../Microchip/Include/TCPIP Stack/RSA.h</itemPath>
        <itemPath>../../Microchip/Include/TCPIP Stack/SSL.h</itemPath>
      </logicalFolder>
      <itemPath>../HardwareProfile.h</itemPath>
      <itemPath>../TCPIPConfig.h</itemPath>
      <itemPath>../MainDemo.h</itemPath>
      <itemPath>../../Microchip/Include/GenericTypeDefs.h</itemPath>
      <itemPath>../../Microchip/Include/Compiler.h</itemPath>
      <itemPath>../HTTPPrint.h</itemPath>
      <itemPath>../LCDBlocking.h</itemPath>
      <itemPath>../../Microchip/Include/mib.h</itemPath>
      <itemPath>../ClientSocket.h</itemPath>
      <itemPath>../ServerSocket.h</itemPath>
    </logicalFolder>
    <logicalFolder name="LinkerScript"
                   displayName="Linker Files"
                   projectFiles="true">
    </logicalFolder>
    <logicalFolder name="SourceFiles"
                   displayName="Source Files"
                   projectFiles="true">
      <logicalFolder name="TCPIP Stack" displayName="TCPIP Stack" projectFiles="true">
        <itemPath>../../Microchip/TCPIP Stack/TFTPc.c</itemPath>
        <itemPath>../../Microchip/TCPIP Stack/Announce.c</itemPath>
        <itemPath>../../Microchip/TCPIP Stack/ARP.c</itemPath>
        <itemPath>../../Microchip/TCPIP Stack/Delay.c</itemPath>
        <itemPath>../../Microchip/TCPIP Stack/DHCP.c</itemPath>
        <itemPath>../../Microchip/TCPIP Stack/DHCPs.c</itemPath>
        <itemPath>../../Microchip/TCPIP Stack/DNS.c</itemPath>
        <itemPath>../../Microchip/TCPIP Stack/DynDNS.c</itemPath>
        <itemPath>../../Microchip/TCPIP Stack/ENC28J60.c</itemPath>
        <itemPath>../../Microchip/TCPIP Stack/ETH97J60.c</itemPath>
        <itemPath>../../Microchip/TCPIP Stack/Hashes.c</itemPath>
        <itemPath>../../Microchip/TCPIP Stack/Helpers.c</itemPath>
        <itemPath>../../Microchip/TCPIP Stack/HTTP2.c</itemPath>
        <itemPath>../../Microchip/TCPIP Stack/ICMP.c</itemPath>
        <itemPath>../../Microchip/TCPIP Stack/IP.c</itemPath>
        <itemPath>../../Microchip/TCPIP Stack/MPFS2.c</itemPath>
        <itemPath>../../Microchip/TCPIP Stack/NBNS.c</itemPath>
        <itemPath>../../Microchip/TCPIP Stack/Reboot.c</itemPath>
        <itemPath>../../Microchip/TCPIP Stack/SMTP.c</itemPath>
        <itemPath>../../Microchip/TCPIP Stack/SNTP.c</itemPath>
        <itemPath>../../Microchip/TCPIP Stack/SPIEEPROM.c</itemPath>
        <itemPath>../../Microchip/TCPIP Stack/SPIFlash.c</itemPath>
        <itemPath>../../Microchip/TCPIP Stack/SPIRAM.c</itemPath>
        <itemPath>../../Microchip/TCPIP Stack/StackTsk.c</itemPath>
        <itemPath>../../Microchip/TCPIP Stack/TCP.c</itemPath>
        <itemPath>../../Microchip/TCPIP Stack/Telnet.c</itemPath>
        <itemPath>../../Microchip/TCPIP Stack/Tick.c</itemPath>
        <itemPath>../../Microchip/TCPIP Stack/UART2TCPBridge.c</itemPath>
        <itemPath>../../Microchip/TCPIP Stack/UART.c</itemPath>
        <itemPath>../../Microchip/TCPIP Stack/UDP.c</itemPath>
        <itemPath>../../Microchip/TCPIP Stack/BerkeleyAPI.c</itemPath>
        <itemPath>../../Microchip/TCPIP Stack/ENCX24J600.c</itemPath>
        <itemPath>../../Microchip/TCPIP Stack/FTP.c</itemPath>
        <itemPath>../../Microchip/TCPIP Stack/HTTP.c</itemPath>
        <itemPath>../../Microchip/TCPIP Stack/Random.c</itemPath>
        <itemPath>../../Microchip/TCPIP Stack/RSA.c</itemPath>
        <itemPath>../../Microchip/TCPIP Stack/SSL.c</itemPath>
      </logicalFolder>
      <itemPath>../MainDemo.c</itemPath>
      <itemPath>../CustomHTTPApp.c</itemPath>
      <itemPath>../LCDBlocking.c</itemPath>
      <itemPath>../MPFSImg2.c</itemPath>
      <itemPath>../ClientSocket.c</itemPath>
      <itemPath>../ServerSocket.c</itemPath>
    </logicalFolder>
    <logicalFolder name="ExternalFiles"
                   displayName="Important Files"
                   projectFiles="false">
      <itemPath>Makefile</itemPath>
    </logicalFolder>
  </logicalFolder>
  <projectmakefile>Makefile</projectmakefile>
  <confs>
    <conf name="Default" type="2">
      <toolsSet>
        <developmentServer>localhost</developmentServer>
        <targetDevice>PIC18F66J60</targetDevice>
        <targetHeader></targetHeader>
        <targetPluginBoard></targetPluginBoard>
        <platformTool>Simulator</platformTool>
        <languageToolchain>C18</languageToolchain>
        <languageToolchainVersion>3.40</languageToolchainVersion>
        <platform>3</platform>
      </toolsSet>
      <compileType>
        <linkerTool>
          <linkerLibItems>
          </linkerLibItems>
        </linkerTool>
        <loading>
          <useAlternateLoadableFile>false</useAlternateLoadableFile>
          <parseOnProdLoad>true</parseOnProdLoad>
          <alternateLoadableFile></alternateLoadableFile>
        </loading>
      </compileType>
      <makeCustomizationType>
        <makeCustomizationPreStepEnabled>false</makeCustomizationPreStepEnabled>
        <makeCustomizationPreStep></makeCustomizationPreStep>
        <makeCustomizationPostStepEnabled>false</makeCustomizationPostStepEnabled>
        <makeCustomizationPostStep></makeCustomizationPostStep>
        <makeCustomizationPutChecksumInUserID>false</makeCustomizationPutChecksumInUserID>
        <makeCustomizationEnableLongLines>false</makeCustomizationEnableLongLines>
        <makeCustomizationNormalizeHexFile>false</makeCustomizationNormalizeHexFile>
      </makeCustomizationType>
      <C18>
        <property key="code-model" value="ml"/>
        <property key="data-model" value="oa-"/>
        <property key="default-char-unsigned" value="true"/>
        <property key="enable-all-optimizations" value="true"/>
        <property key="enable-int-promotion" value="false"/>
        <property key="enable-multi-bank-stack-model" value="false"/>
        <property key="enable-ob" value="false"/>
        <property key="enable-od" value="false"/>
        <property key="enable-om" value="true"/>
        <property key="enable-on" value="true"/>
        <property key="enable-op" value="false"/>
        <property key="enable-opa" value="false"/>
        <property key="enable-or" value="false"/>
        <property key="enable-os" value="true"/>
        <property key="enable-ot" value="false"/>
        <property key="enable-ou" value="false"/>
        <property key="enable-ow" value="true"/>
        <property key="extra-include-directories"
                  value="..;..\Microchip\Include;..\..\Microchip\Include"/>
        <property key="optimization-master" value="Custom"/>
        <property key="preprocessor-macros" value=""/>
        <property key="procedural-abstraction-passes" value="0"/>
        <property key="storage-class" value="sco"/>
        <property key="verbose" value="false"/>
        <property key="warning-level" value="2"/>
      </C18>
      <C18-AS>
        <property key="cross.reference.file" value=""/>
        <property key="default.radix" value="HEX"/>
        <property key="enable.case.sensitivity" value="true"/>
        <property key="hex.output.format" value="INHX32"/>
        <property key="preprocessor.macros" value=""/>
        <property key="warning.level" value="0"/>
      </C18-AS>
      <C18-LD>
        <property key="cod-file" value="false"/>
        <property key="extra-lib-directories" value=""/>
        <property key="hex-output-format" value="INHX32"/>
        <property key="map-file" value=""/>
      </C18-LD>
      <C18LanguageToolchain>
        <property key="extended-mode" value="false"/>
        <property key="extended-mode-mcc18" value="false"/>
        <property key="extended-mode-mpasm" value="false"/>
        <property key="extended-mode-mplink" value="false"/>
        <property key="stack-analysis" value="false"/>
        <property key="stack-analysis-mcc18" value="false"/>
        <property key="stack-analysis-mplink" value="false"/>
      </C18LanguageToolchain>
      <Simulator>
        <property key="breakoptions.coreerrors" value="Ignore"/>
        <property key="breakoptions.corewarnings" value="Ignore"/>
        <property key="breakoptions.peripheralerrors" value="Ignore"/>
        <property key="breakoptions.peripheralwarnings" value="Ignore"/>
        <property key="breakoptions.stimulusmessages.notes" value="Ignore"/>
        <property key="breakoptions.stimulusmessags.errors" value="Ignore"/>
        <property key="breakoptions.stimulusmessags.warnings" value="Ignore"/>
        <property key="breakoptions.wdtwarnings" value="Ignore"/>
        <property key="codecoverage.enabled" value="Disable"/>
        <property key="codecoverage.enableoutputtofile" value="false"/>
        <property key="codecoverage.outputfile" value=""/>
        <property key="oscillator.auxfrequency" value="120"/>
        <property key="oscillator.auxfrequencyunit" value="Mega"/>
        <property key="oscillator.frequency" value="1"/>
        <property key="oscillator.frequencyunit" value="Mega"/>
        <property key="oscillator.rcfrequency" value="250"/>
        <property key="oscillator.rcfrequencyunit" value="Kilo"/>
        <property key="performancedata.show" value="false"/>
        <property key="periphADC1.altscl" value="false"/>
        <property key="periphADC1.minTacq" value=""/>
        <property key="periphADC1.tacqunits" value="microseconds"/>
        <property key="periphADC2.altscl" value="false"/>
        <property key="periphADC2.minTacq" value=""/>
        <property key="periphADC2.tacqunits" value="microseconds"/>
        <property key="tracecontrol.include.timestamp" value="false"/>
        <property key="tracecontrol.select" value="0"/>
        <property key="tracecontrol.stallontracebufferfull" value="false"/>
        <property key="tracecontrol.timestamp" value="2"/>
        <property key="tracecontrol.tracebufmax" value="546000"/>
        <property key="tracecontrol.tracefile"
                  value="C:\Projetos\tcpip\projeto\tcpip.X\defmplabxtrace.log"/>
        <property key="tracecontrol.traceresetonrun" value="false"/>
        <property key="uart10io.output" value="window"/>
        <property key="uart10io.outputfile" value=""/>
        <property key="uart10io.uartioenabled" value="false"/>
        <property key="uart1io.output" value="window"/>
        <property key="uart1io.outputfile" value=""/>
        <property key="uart1io.uartioenabled" value="false"/>
        <property key="uart2io.output" value="window"/>
        <property key="uart2io.outputfile" value=""/>
        <property key="uart2io.uartioenabled" value="false"/>
        <property key="uart3io.output" value="window"/>
        <property key="uart3io.outputfile" value=""/>
        <property key="uart3io.uartioenabled" value="false"/>
        <property key="uart4io.output" value="window"/>
        <property key="uart4io.outputfile" value=""/>
        <property key="uart4io.uartioenabled" value="false"/>
        <property key="uart5io.output" value="window"/>
        <property key="uart5io.outputfile" value=""/>
        <property key="uart5io.uartioenabled" value="false"/>
        <property key="uart6io.output" value="window"/>
        <property key="uart6io.outputfile" value=""/>
        <property key="uart6io.uartioenabled" value="false"/>
        <property key="uart7io.output" value="window"/>
        <property key="uart7io.outputfile" value=""/>
        <property key="uart7io.uartioenabled" value="false"/>
        <property key="uart8io.output" value="window"/>
        <property key="uart8io.outputfile" value=""/>
        <property key="uart8io.uartioenabled" value="false"/>
        <property key="uart9io.output" value="window"/>
        <property key="uart9io.outputfile" value=""/>
        <property key="uart9io.uartioenabled" value="false"/>
      </Simulator>
    </conf>
  </confs>
</configurationDescriptor>
