<?xml version="1.0" encoding="UTF-8"?>
<project xmlns="http://www.netbeans.org/ns/project/1">
    <type>com.microchip.mplab.nbide.embedded.makeproject</type>
    <configuration>
        <data xmlns="http://www.netbeans.org/ns/make-project/1">
            <name>enc28j60-tcp-client-solution</name>
            <creation-uuid>2940a3b7-410c-4e48-b08a-4510d31e8e95</creation-uuid>
            <make-project-type>0</make-project-type>
            <c-extensions>c</c-extensions>
            <cpp-extensions/>
            <header-extensions>h</header-extensions>
            <asminc-extensions/>
            <sourceEncoding>ISO-8859-1</sourceEncoding>
            <make-dep-projects/>
            <sourceRootList>
                <sourceRootElem>app_files</sourceRootElem>
                <sourceRootElem>mcc_generated_files/TCPIPLibrary</sourceRootElem>
            </sourceRootList>
            <confList>
                <confElem>
                    <name>default</name>
                    <type>2</type>
                </confElem>
            </confList>
            <formatting>
                <project-formatting-style>false</project-formatting-style>
            </formatting>
        </data>
    </configuration>
</project>
